model,accuracy,avg_recall,training time,testing time
knn_1,0.261,0.2618242013792407,0.00015997886657714844,1.5049333572387695
knn_2,0.264,0.26405741596168725,0.00019431114196777344,1.544928789138794
